RELEASE_ID,FILE_NAME,SIZE,LOC_ADDED,LOC_ADDED_AVG,LOC_ADDED_MAX,LOC_REMOVED,LOC_REMOVED_AVG,LOC_REMOVED_MAX,LOC_TOUCHED,LOC_TOUCHED_AVG,LOC_TOUCHED_MAX,CHURN,CHURN_AVG,CHURN_MAX,NUMBER_OF_REVISIONS,NUMBER_OF_DEFECT_FIXES,NUMBER_OF_AUTHORS,IS_BUGGY
1,bookkeeper-benchmark/src/main/java/org/apache/bookkeeper/benchmark/MySqlClient.java,137,235,58.75,137,98,24.5,94,333,83.25,188,139,34.75,137,4,0,2,NO
1,bookkeeper-benchmark/src/main/java/org/apache/bookkeeper/benchmark/TestClient.java,244,340,68.0,252,96,19.2,64,436,87.2,252,262,52.4,252,5,0,2,NO
1,bookkeeper-server/src/main/java/org/apache/bookkeeper/bookie/Bookie.java,1026,1246,89.0,545,220,15.714285714285714,81,1466,104.71428571428571,545,1026,73.28571428571429,545,14,0,3,YES
1,bookkeeper-server/src/main/java/org/apache/bookkeeper/bookie/BookieException.java,92,121,40.333333333333336,81,29,9.666666666666666,29,150,50.0,81,92,30.666666666666668,81,3,0,3,YES
1,bookkeeper-server/src/main/java/org/apache/bookkeeper/bookie/BufferedChannel.java,180,195,48.75,168,15,3.75,12,210,52.5,168,180,45.0,168,4,0,2,NO
1,bookkeeper-server/src/main/java/org/apache/bookkeeper/bookie/EntryLogger.java,471,633,70.33333333333333,487,162,18.0,104,795,88.33333333333333,487,551,61.22222222222222,487,9,0,3,YES
1,bookkeeper-server/src/main/java/org/apache/bookkeeper/bookie/FileInfo.java,204,210,42.0,124,6,1.2,2,216,43.2,124,204,40.8,124,5,0,3,YES
1,bookkeeper-server/src/main/java/org/apache/bookkeeper/bookie/LedgerCache.java,551,621,88.71428571428571,536,70,10.0,26,691,98.71428571428571,536,557,79.57142857142857,536,7,0,3,YES
1,bookkeeper-server/src/main/java/org/apache/bookkeeper/bookie/LedgerDescriptor.java,149,168,33.6,133,19,3.8,14,187,37.4,133,149,29.8,133,5,0,3,YES
1,bookkeeper-server/src/main/java/org/apache/bookkeeper/bookie/LedgerEntryPage.java,157,164,54.666666666666664,151,7,2.3333333333333335,6,171,57.0,151,157,52.333333333333336,151,3,0,3,YES
1,bookkeeper-server/src/main/java/org/apache/bookkeeper/bookie/MarkerFileChannel.java,147,147,147.0,147,0,0.0,0,147,147.0,147,147,147.0,147,1,0,1,NO
1,bookkeeper-server/src/main/java/org/apache/bookkeeper/client/AsyncCallback.java,137,269,53.8,126,132,26.4,113,401,80.2,226,141,28.2,126,5,0,3,YES
1,bookkeeper-server/src/main/java/org/apache/bookkeeper/client/BKException.java,271,280,70.0,249,9,2.25,8,289,72.25,249,271,67.75,249,4,0,3,NO
1,bookkeeper-server/src/main/java/org/apache/bookkeeper/client/BookKeeper.java,548,1040,115.55555555555556,410,492,54.666666666666664,401,1532,170.22222222222223,802,548,60.888888888888886,410,9,0,3,YES
1,bookkeeper-server/src/main/java/org/apache/bookkeeper/client/BookKeeperAdmin.java,728,931,155.16666666666666,714,203,33.833333333333336,121,1134,189.0,714,882,147.0,714,6,0,2,YES
1,bookkeeper-server/src/main/java/org/apache/bookkeeper/client/BookieWatcher.java,205,212,53.0,204,7,1.75,4,219,54.75,204,205,51.25,204,4,0,2,YES
1,bookkeeper-server/src/main/java/org/apache/bookkeeper/client/CRC32DigestManager.java,50,53,26.5,50,3,1.5,3,56,28.0,50,50,25.0,50,2,0,2,NO
1,bookkeeper-server/src/main/java/org/apache/bookkeeper/client/DigestManager.java,185,207,41.4,184,22,4.4,16,229,45.8,184,185,37.0,184,5,0,3,YES
1,bookkeeper-server/src/main/java/org/apache/bookkeeper/client/DistributionSchedule.java,61,66,22.0,61,5,1.6666666666666667,4,71,23.666666666666668,61,61,20.333333333333332,61,3,0,3,YES
1,bookkeeper-server/src/main/java/org/apache/bookkeeper/client/LedgerCreateOp.java,157,210,26.25,167,53,6.625,26,263,32.875,167,181,22.625,167,8,0,3,YES
1,bookkeeper-server/src/main/java/org/apache/bookkeeper/client/LedgerDeleteOp.java,81,92,23.0,80,11,2.75,7,103,25.75,80,81,20.25,80,4,0,3,NO
1,bookkeeper-server/src/main/java/org/apache/bookkeeper/client/LedgerEntry.java,84,133,44.333333333333336,83,49,16.333333333333332,46,182,60.666666666666664,92,84,28.0,83,3,0,2,NO
1,bookkeeper-server/src/main/java/org/apache/bookkeeper/client/LedgerHandle.java,762,1462,121.83333333333333,547,700,58.333333333333336,520,2162,180.16666666666666,1040,770,64.16666666666667,547,12,0,3,YES
1,bookkeeper-server/src/main/java/org/apache/bookkeeper/client/LedgerMetadata.java,248,288,41.142857142857146,198,40,5.714285714285714,16,328,46.857142857142854,198,252,36.0,198,7,0,3,YES
1,bookkeeper-server/src/main/java/org/apache/bookkeeper/client/LedgerOpenOp.java,169,232,25.77777777777778,140,63,7.0,17,295,32.77777777777778,140,171,19.0,140,9,0,3,NO
1,bookkeeper-server/src/main/java/org/apache/bookkeeper/client/LedgerRecoveryOp.java,196,224,37.333333333333336,178,28,4.666666666666667,9,252,42.0,178,196,32.666666666666664,178,6,0,3,YES
1,bookkeeper-server/src/main/java/org/apache/bookkeeper/client/MacDigestManager.java,67,76,19.0,67,9,2.25,7,85,21.25,67,67,16.75,67,4,0,3,NO
1,bookkeeper-server/src/main/java/org/apache/bookkeeper/client/PendingAddOp.java,165,182,45.5,138,17,4.25,11,199,49.75,138,165,41.25,138,4,0,3,YES
1,bookkeeper-server/src/main/java/org/apache/bookkeeper/client/PendingReadOp.java,173,193,48.25,170,20,5.0,17,213,53.25,170,173,43.25,170,4,0,3,YES
1,bookkeeper-server/src/main/java/org/apache/bookkeeper/client/ReadLastConfirmedOp.java,103,127,21.166666666666668,101,24,4.0,10,151,25.166666666666668,101,107,17.833333333333332,101,6,0,2,YES
1,bookkeeper-server/src/main/java/org/apache/bookkeeper/client/ReadOnlyLedgerHandle.java,78,78,78.0,78,0,0.0,0,78,78.0,78,78,78.0,78,1,0,1,YES
1,bookkeeper-server/src/main/java/org/apache/bookkeeper/client/RoundRobinDistributionSchedule.java,87,88,44.0,87,1,0.5,1,89,44.5,87,87,43.5,87,2,0,2,YES
1,bookkeeper-server/src/main/java/org/apache/bookkeeper/client/SyncCounter.java,85,86,43.0,85,1,0.5,1,87,43.5,85,85,42.5,85,2,0,2,NO
1,bookkeeper-server/src/main/java/org/apache/bookkeeper/conf/AbstractConfiguration.java,105,106,53.0,61,1,0.5,1,107,53.5,61,105,52.5,61,2,0,1,YES
1,bookkeeper-server/src/main/java/org/apache/bookkeeper/conf/ClientConfiguration.java,216,224,56.0,216,8,2.0,6,232,58.0,216,216,54.0,216,4,0,2,YES
1,bookkeeper-server/src/main/java/org/apache/bookkeeper/conf/ServerConfiguration.java,377,397,99.25,377,20,5.0,11,417,104.25,377,377,94.25,377,4,0,2,YES
1,bookkeeper-server/src/main/java/org/apache/bookkeeper/meta/AbstractZkLedgerManager.java,253,255,127.5,251,2,1.0,2,257,128.5,251,253,126.5,251,2,0,1,YES
1,bookkeeper-server/src/main/java/org/apache/bookkeeper/meta/FlatLedgerManager.java,193,193,193.0,193,0,0.0,0,193,193.0,193,193,193.0,193,1,0,1,YES
1,bookkeeper-server/src/main/java/org/apache/bookkeeper/meta/HierarchicalLedgerManager.java,514,514,514.0,514,0,0.0,0,514,514.0,514,514,514.0,514,1,0,1,YES
1,bookkeeper-server/src/main/java/org/apache/bookkeeper/meta/LedgerLayout.java,204,204,204.0,204,0,0.0,0,204,204.0,204,204,204.0,204,1,0,1,NO
1,bookkeeper-server/src/main/java/org/apache/bookkeeper/meta/LedgerManager.java,144,144,144.0,144,0,0.0,0,144,144.0,144,144,144.0,144,1,0,1,YES
1,bookkeeper-server/src/main/java/org/apache/bookkeeper/meta/LedgerManagerFactory.java,98,98,98.0,98,0,0.0,0,98,98.0,98,98,98.0,98,1,0,1,NO
1,bookkeeper-server/src/main/java/org/apache/bookkeeper/proto/BookieClient.java,181,203,29.0,178,22,3.142857142857143,9,225,32.142857142857146,178,189,27.0,178,7,0,3,YES
1,bookkeeper-server/src/main/java/org/apache/bookkeeper/proto/BookieProtocol.java,154,162,40.5,75,8,2.0,5,170,42.5,75,154,38.5,75,4,0,3,YES
1,bookkeeper-server/src/main/java/org/apache/bookkeeper/proto/BookieServer.java,393,489,44.45454545454545,209,96,8.727272727272727,48,585,53.18181818181818,209,399,36.27272727272727,209,11,0,3,YES
1,bookkeeper-server/src/main/java/org/apache/bookkeeper/proto/BookkeeperInternalCallbacks.java,132,139,46.333333333333336,75,7,2.3333333333333335,7,146,48.666666666666664,75,132,44.0,75,3,0,3,NO
1,bookkeeper-server/src/main/java/org/apache/bookkeeper/proto/NIOServerFactory.java,533,556,69.5,521,23,2.875,8,579,72.375,521,535,66.875,521,8,0,3,NO
1,bookkeeper-server/src/main/java/org/apache/bookkeeper/proto/PerChannelBookieClient.java,603,683,75.88888888888889,573,80,8.88888888888889,24,763,84.77777777777777,573,607,67.44444444444444,573,9,0,3,YES
1,bookkeeper-server/src/main/java/org/apache/bookkeeper/proto/ServerStats.java,148,148,148.0,148,0,0.0,0,148,148.0,148,148,148.0,148,1,0,1,NO
1,bookkeeper-server/src/main/java/org/apache/bookkeeper/streaming/LedgerInputStream.java,174,184,61.333333333333336,173,10,3.3333333333333335,8,194,64.66666666666667,173,174,58.0,173,3,0,2,NO
1,bookkeeper-server/src/main/java/org/apache/bookkeeper/streaming/LedgerOutputStream.java,148,158,52.666666666666664,147,10,3.3333333333333335,8,168,56.0,147,148,49.333333333333336,147,3,0,2,NO
1,bookkeeper-server/src/main/java/org/apache/bookkeeper/tools/BookKeeperTools.java,92,834,139.0,763,742,123.66666666666667,688,1576,262.6666666666667,763,1442,240.33333333333334,763,6,0,3,NO
1,bookkeeper-server/src/main/java/org/apache/bookkeeper/util/LocalBookKeeper.java,234,438,73.0,209,204,34.0,101,642,107.0,209,234,39.0,209,6,0,3,YES
1,bookkeeper-server/src/main/java/org/apache/bookkeeper/util/Main.java,54,59,19.666666666666668,54,5,1.6666666666666667,4,64,21.333333333333332,54,54,18.0,54,3,0,3,NO
1,bookkeeper-server/src/main/java/org/apache/bookkeeper/util/MathUtils.java,38,43,21.5,38,5,2.5,5,48,24.0,38,38,19.0,38,2,0,2,NO
1,bookkeeper-server/src/main/java/org/apache/bookkeeper/util/OrderedSafeExecutor.java,98,102,51.0,98,4,2.0,4,106,53.0,98,98,49.0,98,2,0,2,NO
1,bookkeeper-server/src/main/java/org/apache/bookkeeper/util/SafeRunnable.java,39,49,16.333333333333332,38,10,3.3333333333333335,7,59,19.666666666666668,38,39,13.0,38,3,0,2,NO
1,bookkeeper-server/src/main/java/org/apache/bookkeeper/util/StringUtils.java,69,98,32.666666666666664,94,29,9.666666666666666,25,127,42.333333333333336,94,119,39.666666666666664,94,3,0,3,NO
1,bookkeeper-server/src/main/java/org/apache/bookkeeper/util/ZkUtils.java,94,94,94.0,94,0,0.0,0,94,94.0,94,94,94.0,94,1,0,1,NO
1,hedwig-client/src/main/java/org/apache/hedwig/client/HedwigClient.java,72,72,72.0,72,0,0.0,0,72,72.0,72,72,72.0,72,1,0,1,NO
1,hedwig-client/src/main/java/org/apache/hedwig/client/api/Client.java,42,42,42.0,42,0,0.0,0,42,42.0,42,42,42.0,42,1,0,1,NO
1,hedwig-client/src/main/java/org/apache/hedwig/client/api/MessageHandler.java,48,56,18.666666666666668,48,8,2.6666666666666665,5,64,21.333333333333332,48,48,16.0,48,3,0,2,NO
1,hedwig-client/src/main/java/org/apache/hedwig/client/api/Publisher.java,63,67,33.5,63,4,2.0,4,71,35.5,63,63,31.5,63,2,0,2,NO
1,hedwig-client/src/main/java/org/apache/hedwig/client/api/Subscriber.java,237,257,128.5,237,20,10.0,20,277,138.5,237,237,118.5,237,2,0,2,NO
1,hedwig-client/src/main/java/org/apache/hedwig/client/benchmark/BenchmarkPublisher.java,133,139,46.333333333333336,133,6,2.0,5,145,48.333333333333336,133,133,44.333333333333336,133,3,0,2,NO
1,hedwig-client/src/main/java/org/apache/hedwig/client/benchmark/BenchmarkSubscriber.java,137,150,37.5,136,13,3.25,10,163,40.75,136,137,34.25,136,4,0,2,NO
1,hedwig-client/src/main/java/org/apache/hedwig/client/benchmark/BenchmarkUtils.java,177,181,60.333333333333336,176,4,1.3333333333333333,2,185,61.666666666666664,176,177,59.0,176,3,0,2,NO
1,hedwig-client/src/main/java/org/apache/hedwig/client/benchmark/BenchmarkWorker.java,46,47,23.5,46,1,0.5,1,48,24.0,46,46,23.0,46,2,0,2,NO
1,hedwig-client/src/main/java/org/apache/hedwig/client/benchmark/HedwigBenchmark.java,128,137,27.4,127,9,1.8,5,146,29.2,127,128,25.6,127,5,0,3,NO
1,hedwig-client/src/main/java/org/apache/hedwig/client/conf/ClientConfiguration.java,149,152,50.666666666666664,148,3,1.0,2,155,51.666666666666664,148,149,49.666666666666664,148,3,0,2,NO
1,hedwig-client/src/main/java/org/apache/hedwig/client/data/MessageConsumeData.java,58,59,29.5,58,1,0.5,1,60,30.0,58,58,29.0,58,2,0,2,NO
1,hedwig-client/src/main/java/org/apache/hedwig/client/data/PubSubData.java,149,152,76.0,149,3,1.5,3,155,77.5,149,149,74.5,149,2,0,2,NO
1,hedwig-client/src/main/java/org/apache/hedwig/client/data/TopicSubscriber.java,74,78,39.0,74,4,2.0,4,82,41.0,74,74,37.0,74,2,0,2,NO
1,hedwig-client/src/main/java/org/apache/hedwig/client/exceptions/InvalidSubscriberIdException.java,37,37,37.0,37,0,0.0,0,37,37.0,37,37,37.0,37,1,0,1,NO
1,hedwig-client/src/main/java/org/apache/hedwig/client/exceptions/ServerRedirectLoopException.java,38,40,20.0,38,2,1.0,2,42,21.0,38,38,19.0,38,2,0,2,NO
1,hedwig-client/src/main/java/org/apache/hedwig/client/exceptions/TooManyServerRedirectsException.java,39,40,20.0,39,1,0.5,1,41,20.5,39,39,19.5,39,2,0,2,NO
1,hedwig-client/src/main/java/org/apache/hedwig/client/handlers/MessageConsumeCallback.java,96,107,26.75,95,11,2.75,5,118,29.5,95,96,24.0,95,4,0,2,NO
1,hedwig-client/src/main/java/org/apache/hedwig/client/handlers/PubSubCallback.java,88,91,30.333333333333332,87,3,1.0,2,94,31.333333333333332,87,88,29.333333333333332,87,3,0,2,NO
1,hedwig-client/src/main/java/org/apache/hedwig/client/handlers/PublishResponseHandler.java,71,78,19.5,70,7,1.75,3,85,21.25,70,71,17.75,70,4,0,2,NO
1,hedwig-client/src/main/java/org/apache/hedwig/client/handlers/SubscribeReconnectCallback.java,114,123,30.75,113,9,2.25,4,132,33.0,113,114,28.5,113,4,0,2,NO
1,hedwig-client/src/main/java/org/apache/hedwig/client/handlers/SubscribeResponseHandler.java,336,414,69.0,329,78,13.0,35,492,82.0,329,336,56.0,329,6,0,3,NO
1,hedwig-client/src/main/java/org/apache/hedwig/client/handlers/UnsubscribeResponseHandler.java,84,93,23.25,83,9,2.25,5,102,25.5,83,84,21.0,83,4,0,2,NO
1,hedwig-client/src/main/java/org/apache/hedwig/client/netty/ClientChannelPipelineFactory.java,58,63,21.0,58,5,1.6666666666666667,3,68,22.666666666666668,58,58,19.333333333333332,58,3,0,2,NO
1,hedwig-client/src/main/java/org/apache/hedwig/client/netty/ConnectCallback.java,123,130,32.5,122,7,1.75,4,137,34.25,122,123,30.75,122,4,0,2,YES
1,hedwig-client/src/main/java/org/apache/hedwig/client/netty/HedwigClientImpl.java,369,369,369.0,369,0,0.0,0,369,369.0,369,369,369.0,369,1,0,1,YES
1,hedwig-client/src/main/java/org/apache/hedwig/client/netty/HedwigPublisher.java,231,243,48.6,224,12,2.4,6,255,51.0,224,231,46.2,224,5,0,2,YES
1,hedwig-client/src/main/java/org/apache/hedwig/client/netty/HedwigSubscriber.java,586,645,161.25,585,59,14.75,48,704,176.0,585,586,146.5,585,4,0,2,YES
1,hedwig-client/src/main/java/org/apache/hedwig/client/netty/ResponseHandler.java,366,390,78.0,365,24,4.8,14,414,82.8,365,366,73.2,365,5,0,2,NO
1,hedwig-client/src/main/java/org/apache/hedwig/client/netty/WriteCallback.java,99,108,27.0,98,9,2.25,4,117,29.25,98,99,24.75,98,4,0,2,YES
1,hedwig-client/src/main/java/org/apache/hedwig/client/ssl/SslClientContextFactory.java,41,41,41.0,41,0,0.0,0,41,41.0,41,41,41.0,41,1,0,1,NO
1,hedwig-client/src/main/java/org/apache/hedwig/client/ssl/SslContextFactory.java,66,79,39.5,65,13,6.5,13,92,46.0,65,66,33.0,65,2,0,2,NO
1,hedwig-client/src/main/java/org/apache/hedwig/conf/AbstractConfiguration.java,54,55,18.333333333333332,45,1,0.3333333333333333,1,56,18.666666666666668,45,54,18.0,45,3,0,3,NO
1,hedwig-client/src/main/java/org/apache/hedwig/util/Callback.java,47,51,25.5,47,4,2.0,4,55,27.5,47,47,23.5,47,2,0,2,NO
1,hedwig-client/src/main/java/org/apache/hedwig/util/CallbackUtils.java,183,203,50.75,185,20,5.0,16,223,55.75,185,187,46.75,185,4,0,3,NO
1,hedwig-client/src/main/java/org/apache/hedwig/util/ConcurrencyUtils.java,49,49,49.0,49,0,0.0,0,49,49.0,49,49,49.0,49,1,0,1,NO
1,hedwig-client/src/main/java/org/apache/hedwig/util/Either.java,50,50,50.0,50,0,0.0,0,50,50.0,50,50,50.0,50,1,0,1,NO
1,hedwig-client/src/main/java/org/apache/hedwig/util/FileUtils.java,98,100,50.0,97,2,1.0,2,102,51.0,97,98,49.0,97,2,0,2,NO
1,hedwig-client/src/main/java/org/apache/hedwig/util/HedwigSocketAddress.java,138,138,138.0,138,0,0.0,0,138,138.0,138,138,138.0,138,1,0,1,NO
1,hedwig-client/src/main/java/org/apache/hedwig/util/Option.java,43,43,43.0,43,0,0.0,0,43,43.0,43,43,43.0,43,1,0,1,NO
1,hedwig-client/src/main/java/org/apache/hedwig/util/Pair.java,42,42,42.0,42,0,0.0,0,42,42.0,42,42,42.0,42,1,0,1,NO
1,hedwig-client/src/main/java/org/apache/hedwig/util/PathUtils.java,56,56,56.0,56,0,0.0,0,56,56.0,56,56,56.0,56,1,0,1,NO
1,hedwig-protocol/src/main/java/org/apache/hedwig/exceptions/PubSubException.java,162,163,81.5,162,1,0.5,1,164,82.0,162,162,81.0,162,2,0,2,NO
1,hedwig-protocol/src/main/java/org/apache/hedwig/protocol/PubSubProtocol.java,6367,12222,6111.0,6127,5855,2927.5,5855,18077,9038.5,11982,6367,3183.5,6095,2,0,2,NO
1,hedwig-protocol/src/main/java/org/apache/hedwig/protoextensions/MessageIdUtils.java,153,155,77.5,153,2,1.0,2,157,78.5,153,153,76.5,153,2,0,2,NO
1,hedwig-protocol/src/main/java/org/apache/hedwig/protoextensions/PubSubResponseUtils.java,43,43,43.0,43,0,0.0,0,43,43.0,43,43,43.0,43,1,0,1,NO
1,hedwig-protocol/src/main/java/org/apache/hedwig/protoextensions/SubscriptionStateUtils.java,41,42,21.0,41,1,0.5,1,43,21.5,41,41,20.5,41,2,0,2,NO
1,hedwig-server/src/main/java/org/apache/hedwig/server/benchmark/AbstractBenchmark.java,105,155,51.666666666666664,104,50,16.666666666666668,48,205,68.33333333333333,104,105,35.0,104,3,0,2,NO
1,hedwig-server/src/main/java/org/apache/hedwig/server/benchmark/BookieBenchmark.java,105,148,29.6,103,43,8.6,39,191,38.2,103,105,21.0,103,5,0,3,NO
1,hedwig-server/src/main/java/org/apache/hedwig/server/benchmark/BookkeeperBenchmark.java,92,126,31.5,91,34,8.5,31,160,40.0,91,92,23.0,91,4,0,3,NO
1,hedwig-server/src/main/java/org/apache/hedwig/server/benchmark/FakeBookie.java,101,151,50.333333333333336,100,50,16.666666666666668,48,201,67.0,100,101,33.666666666666664,100,3,0,2,NO
1,hedwig-server/src/main/java/org/apache/hedwig/server/common/ByteStringInterner.java,45,45,45.0,45,0,0.0,0,45,45.0,45,45,45.0,45,1,0,1,NO
1,hedwig-server/src/main/java/org/apache/hedwig/server/common/ServerConfiguration.java,289,290,145.0,289,1,0.5,1,291,145.5,289,289,144.5,289,2,0,2,NO
1,hedwig-server/src/main/java/org/apache/hedwig/server/common/TerminateJVMExceptionHandler.java,32,35,17.5,31,3,1.5,3,38,19.0,31,32,16.0,31,2,0,2,NO
1,hedwig-server/src/main/java/org/apache/hedwig/server/common/TopicOpQueuer.java,111,111,111.0,111,0,0.0,0,111,111.0,111,111,111.0,111,1,0,1,NO
1,hedwig-server/src/main/java/org/apache/hedwig/server/common/UnexpectedError.java,35,36,18.0,35,1,0.5,1,37,18.5,35,35,17.5,35,2,0,2,NO
1,hedwig-server/src/main/java/org/apache/hedwig/server/delivery/ChannelEndPoint.java,81,81,81.0,81,0,0.0,0,81,81.0,81,81,81.0,81,1,0,1,NO
1,hedwig-server/src/main/java/org/apache/hedwig/server/delivery/DeliveryCallback.java,27,27,27.0,27,0,0.0,0,27,27.0,27,27,27.0,27,1,0,1,NO
1,hedwig-server/src/main/java/org/apache/hedwig/server/delivery/DeliveryEndPoint.java,28,28,28.0,28,0,0.0,0,28,28.0,28,28,28.0,28,1,0,1,NO
1,hedwig-server/src/main/java/org/apache/hedwig/server/delivery/DeliveryManager.java,29,30,15.0,29,1,0.5,1,31,15.5,29,29,14.5,29,2,0,2,NO
1,hedwig-server/src/main/java/org/apache/hedwig/server/delivery/FIFODeliveryManager.java,566,600,150.0,561,34,8.5,32,634,158.5,561,566,141.5,561,4,0,3,NO
1,hedwig-server/src/main/java/org/apache/hedwig/server/handlers/BaseHandler.java,64,80,40.0,64,16,8.0,16,96,48.0,64,64,32.0,64,2,0,2,NO
1,hedwig-server/src/main/java/org/apache/hedwig/server/handlers/ChannelDisconnectListener.java,29,30,15.0,29,1,0.5,1,31,15.5,29,29,14.5,29,2,0,2,NO
1,hedwig-server/src/main/java/org/apache/hedwig/server/handlers/ConsumeHandler.java,64,65,32.5,64,1,0.5,1,66,33.0,64,64,32.0,64,2,0,2,NO
1,hedwig-server/src/main/java/org/apache/hedwig/server/handlers/Handler.java,37,40,20.0,37,3,1.5,3,43,21.5,37,37,18.5,37,2,0,2,NO
1,hedwig-server/src/main/java/org/apache/hedwig/server/handlers/PublishHandler.java,68,79,39.5,68,11,5.5,11,90,45.0,68,68,34.0,68,2,0,2,NO
1,hedwig-server/src/main/java/org/apache/hedwig/server/handlers/SubscribeHandler.java,154,165,55.0,153,11,3.6666666666666665,9,176,58.666666666666664,153,154,51.333333333333336,153,3,0,2,NO
1,hedwig-server/src/main/java/org/apache/hedwig/server/handlers/UnsubscribeHandler.java,72,73,36.5,72,1,0.5,1,74,37.0,72,72,36.0,72,2,0,2,NO
1,hedwig-server/src/main/java/org/apache/hedwig/server/netty/PubSubServer.java,385,400,66.66666666666667,364,15,2.5,8,415,69.16666666666667,364,385,64.16666666666667,364,6,0,3,NO
1,hedwig-server/src/main/java/org/apache/hedwig/server/netty/PubSubServerPipelineFactory.java,76,78,39.0,76,2,1.0,2,80,40.0,76,76,38.0,76,2,0,2,NO
1,hedwig-server/src/main/java/org/apache/hedwig/server/netty/UmbrellaHandler.java,159,163,54.333333333333336,158,4,1.3333333333333333,2,167,55.666666666666664,158,159,53.0,158,3,0,2,NO
1,hedwig-server/src/main/java/org/apache/hedwig/server/persistence/BookkeeperPersistenceManager.java,737,886,295.3333333333333,736,149,49.666666666666664,144,1035,345.0,736,737,245.66666666666666,736,3,0,2,NO
1,hedwig-server/src/main/java/org/apache/hedwig/server/persistence/CacheKey.java,74,76,38.0,74,2,1.0,2,78,39.0,74,74,37.0,74,2,0,2,NO
1,hedwig-server/src/main/java/org/apache/hedwig/server/persistence/CacheValue.java,94,97,32.333333333333336,93,3,1.0,2,100,33.333333333333336,93,94,31.333333333333332,93,3,0,2,NO
1,hedwig-server/src/main/java/org/apache/hedwig/server/persistence/Factory.java,22,22,22.0,22,0,0.0,0,22,22.0,22,22,22.0,22,1,0,1,NO
1,hedwig-server/src/main/java/org/apache/hedwig/server/persistence/LocalDBPersistenceManager.java,427,439,146.33333333333334,426,12,4.0,10,451,150.33333333333334,426,427,142.33333333333334,426,3,0,2,NO
1,hedwig-server/src/main/java/org/apache/hedwig/server/persistence/MapMethods.java,62,62,62.0,62,0,0.0,0,62,62.0,62,62,62.0,62,1,0,1,NO
1,hedwig-server/src/main/java/org/apache/hedwig/server/persistence/PersistRequest.java,58,59,29.5,58,1,0.5,1,60,30.0,58,58,29.0,58,2,0,2,NO
1,hedwig-server/src/main/java/org/apache/hedwig/server/persistence/PersistenceManager.java,91,96,48.0,91,5,2.5,5,101,50.5,91,91,45.5,91,2,0,2,NO
1,hedwig-server/src/main/java/org/apache/hedwig/server/persistence/PersistenceManagerWithRangeScan.java,27,28,14.0,27,1,0.5,1,29,14.5,27,27,13.5,27,2,0,2,NO
1,hedwig-server/src/main/java/org/apache/hedwig/server/persistence/RangeScanRequest.java,77,79,39.5,77,2,1.0,2,81,40.5,77,77,38.5,77,2,0,2,NO
1,hedwig-server/src/main/java/org/apache/hedwig/server/persistence/ReadAheadCache.java,704,742,247.33333333333334,703,38,12.666666666666666,36,780,260.0,703,704,234.66666666666666,703,3,0,2,NO
1,hedwig-server/src/main/java/org/apache/hedwig/server/persistence/ScanCallback.java,63,67,33.5,63,4,2.0,4,71,35.5,63,63,31.5,63,2,0,2,NO
1,hedwig-server/src/main/java/org/apache/hedwig/server/persistence/ScanCallbackWithContext.java,37,37,37.0,37,0,0.0,0,37,37.0,37,37,37.0,37,1,0,1,NO
1,hedwig-server/src/main/java/org/apache/hedwig/server/persistence/ScanRequest.java,64,65,32.5,64,1,0.5,1,66,33.0,64,64,32.0,64,2,0,2,NO
1,hedwig-server/src/main/java/org/apache/hedwig/server/proxy/ChannelTracker.java,124,127,63.5,124,3,1.5,3,130,65.0,124,124,62.0,124,2,0,2,NO
1,hedwig-server/src/main/java/org/apache/hedwig/server/proxy/HedwigProxy.java,160,167,41.75,159,7,1.75,3,174,43.5,159,160,40.0,159,4,0,2,NO
1,hedwig-server/src/main/java/org/apache/hedwig/server/proxy/ProxyConfiguration.java,36,41,20.5,36,5,2.5,5,46,23.0,36,36,18.0,36,2,0,2,NO
1,hedwig-server/src/main/java/org/apache/hedwig/server/proxy/ProxyConsumeHandler.java,58,60,30.0,57,2,1.0,2,62,31.0,57,58,29.0,57,2,0,2,NO
1,hedwig-server/src/main/java/org/apache/hedwig/server/proxy/ProxyPublishHander.java,62,62,62.0,62,0,0.0,0,62,62.0,62,62,62.0,62,1,0,1,NO
1,hedwig-server/src/main/java/org/apache/hedwig/server/proxy/ProxyStartDeliveryHandler.java,130,142,35.5,129,12,3.0,8,154,38.5,129,130,32.5,129,4,0,2,NO
1,hedwig-server/src/main/java/org/apache/hedwig/server/proxy/ProxyStopDeliveryHandler.java,74,76,38.0,73,2,1.0,2,78,39.0,73,74,37.0,73,2,0,2,NO
1,hedwig-server/src/main/java/org/apache/hedwig/server/proxy/ProxySubscribeHandler.java,83,86,28.666666666666668,82,3,1.0,2,89,29.666666666666668,82,83,27.666666666666668,82,3,0,2,NO
1,hedwig-server/src/main/java/org/apache/hedwig/server/proxy/ProxyUnsubscribeHandler.java,74,74,74.0,74,0,0.0,0,74,74.0,74,74,74.0,74,1,0,1,NO
1,hedwig-server/src/main/java/org/apache/hedwig/server/regions/HedwigHubClient.java,48,50,25.0,48,2,1.0,2,52,26.0,48,48,24.0,48,2,0,2,NO
1,hedwig-server/src/main/java/org/apache/hedwig/server/regions/HedwigHubClientFactory.java,60,61,30.5,60,1,0.5,1,62,31.0,60,60,30.0,60,2,0,2,NO
1,hedwig-server/src/main/java/org/apache/hedwig/server/regions/HedwigHubSubscriber.java,70,76,25.333333333333332,70,6,2.0,4,82,27.333333333333332,70,70,23.333333333333332,70,3,0,2,NO
1,hedwig-server/src/main/java/org/apache/hedwig/server/regions/RegionManager.java,183,202,50.5,180,19,4.75,12,221,55.25,180,183,45.75,180,4,0,2,NO
1,hedwig-server/src/main/java/org/apache/hedwig/server/ssl/SslServerContextFactory.java,53,53,53.0,53,0,0.0,0,53,53.0,53,53,53.0,53,1,0,1,NO
1,hedwig-server/src/main/java/org/apache/hedwig/server/subscriptions/AbstractSubscriptionManager.java,452,472,118.0,450,20,5.0,17,492,123.0,450,452,113.0,450,4,0,2,NO
1,hedwig-server/src/main/java/org/apache/hedwig/server/subscriptions/AllToAllTopologyFilter.java,39,39,39.0,39,0,0.0,0,39,39.0,39,39,39.0,39,1,0,1,NO
1,hedwig-server/src/main/java/org/apache/hedwig/server/subscriptions/InMemorySubscriptionManager.java,78,82,41.0,78,4,2.0,4,86,43.0,78,78,39.0,78,2,0,2,NO
1,hedwig-server/src/main/java/org/apache/hedwig/server/subscriptions/InMemorySubscriptionState.java,64,65,32.5,64,1,0.5,1,66,33.0,64,64,32.0,64,2,0,2,NO
1,hedwig-server/src/main/java/org/apache/hedwig/server/subscriptions/MessageFilter.java,31,32,16.0,31,1,0.5,1,33,16.5,31,31,15.5,31,2,0,2,NO
1,hedwig-server/src/main/java/org/apache/hedwig/server/subscriptions/SubscriptionEventListener.java,57,61,30.5,57,4,2.0,4,65,32.5,57,57,28.5,57,2,0,2,NO
1,hedwig-server/src/main/java/org/apache/hedwig/server/subscriptions/SubscriptionManager.java,104,111,55.5,104,7,3.5,7,118,59.0,104,104,52.0,104,2,0,2,NO
1,hedwig-server/src/main/java/org/apache/hedwig/server/subscriptions/TrueFilter.java,32,32,32.0,32,0,0.0,0,32,32.0,32,32,32.0,32,1,0,1,NO
1,hedwig-server/src/main/java/org/apache/hedwig/server/subscriptions/ZkSubscriptionManager.java,227,279,93.0,226,52,17.333333333333332,50,331,110.33333333333333,226,227,75.66666666666667,226,3,0,2,NO
1,hedwig-server/src/main/java/org/apache/hedwig/server/topics/AbstractTopicManager.java,197,208,52.0,187,11,2.75,6,219,54.75,187,197,49.25,187,4,0,3,NO
1,hedwig-server/src/main/java/org/apache/hedwig/server/topics/TopicManager.java,75,81,40.5,75,6,3.0,6,87,43.5,75,75,37.5,75,2,0,2,NO
1,hedwig-server/src/main/java/org/apache/hedwig/server/topics/TopicOwnershipChangeListener.java,28,28,28.0,28,0,0.0,0,28,28.0,28,28,28.0,28,1,0,1,NO
1,hedwig-server/src/main/java/org/apache/hedwig/server/topics/TrivialOwnAllTopicManager.java,52,54,27.0,52,2,1.0,2,56,28.0,52,52,26.0,52,2,0,2,NO
1,hedwig-server/src/main/java/org/apache/hedwig/server/topics/ZkTopicManager.java,429,506,168.66666666666666,428,77,25.666666666666668,75,583,194.33333333333334,428,429,143.0,428,3,0,2,NO
1,hedwig-server/src/main/java/org/apache/hedwig/zookeeper/SafeAsynBKCallback.java,103,134,67.0,104,30,15.0,30,164,82.0,104,104,52.0,104,2,0,2,NO
1,hedwig-server/src/main/java/org/apache/hedwig/zookeeper/SafeAsyncCallback.java,35,35,35.0,35,0,0.0,0,35,35.0,35,35,35.0,35,1,0,1,NO
1,hedwig-server/src/main/java/org/apache/hedwig/zookeeper/SafeAsyncZKCallback.java,98,99,49.5,98,1,0.5,1,100,50.0,98,98,49.0,98,2,0,2,NO
1,hedwig-server/src/main/java/org/apache/hedwig/zookeeper/ZkUtils.java,79,94,31.333333333333332,78,15,5.0,13,109,36.333333333333336,78,79,26.333333333333332,78,3,0,2,NO
2,bookkeeper-benchmark/src/main/java/org/apache/bookkeeper/benchmark/BenchBookie.java,215,227,75.66666666666667,177,12,4.0,8,239,79.66666666666667,177,215,71.66666666666667,177,3,1,1,NO
2,bookkeeper-benchmark/src/main/java/org/apache/bookkeeper/benchmark/BenchReadThroughputLatency.java,271,284,142.0,260,13,6.5,13,297,148.5,260,271,135.5,260,2,0,1,NO
2,bookkeeper-benchmark/src/main/java/org/apache/bookkeeper/benchmark/BenchThroughputLatency.java,451,534,106.8,425,83,16.6,55,617,123.4,425,459,91.8,425,5,0,3,NO
2,bookkeeper-benchmark/src/main/java/org/apache/bookkeeper/benchmark/MySqlClient.java,137,0,0.0,0,0,0.0,0,0,0.0,0,0,0.0,0,0,0,0,NO
2,bookkeeper-benchmark/src/main/java/org/apache/bookkeeper/benchmark/TestClient.java,368,305,152.5,294,181,90.5,171,486,243.0,465,124,62.0,123,2,0,2,NO
2,bookkeeper-server/src/main/java/org/apache/bookkeeper/bookie/Bookie.java,764,580,29.0,106,842,42.1,370,1422,71.1,413,612,30.6,327,20,7,3,NO
2,bookkeeper-server/src/main/java/org/apache/bookkeeper/bookie/BookieBean.java,51,53,26.5,52,2,1.0,2,55,27.5,52,53,26.5,52,2,0,2,NO
2,bookkeeper-server/src/main/java/org/apache/bookkeeper/bookie/BookieException.java,150,63,31.5,58,5,2.5,5,68,34.0,63,58,29.0,53,2,1,2,NO
2,bookkeeper-server/src/main/java/org/apache/bookkeeper/bookie/BookieMXBean.java,31,33,16.5,33,2,1.0,2,35,17.5,33,35,17.5,33,2,0,2,NO
2,bookkeeper-server/src/main/java/org/apache/bookkeeper/bookie/BookieShell.java,684,684,684.0,684,0,0.0,0,684,684.0,684,684,684.0,684,1,0,1,NO
2,bookkeeper-server/src/main/java/org/apache/bookkeeper/bookie/BufferedChannel.java,180,0,0.0,0,0,0.0,0,0,0.0,0,0,0.0,0,0,0,0,NO
2,bookkeeper-server/src/main/java/org/apache/bookkeeper/bookie/Cookie.java,196,202,101.0,195,6,3.0,6,208,104.0,195,196,98.0,195,2,1,1,NO
2,bookkeeper-server/src/main/java/org/apache/bookkeeper/bookie/EntryLogger.java,482,388,29.846153846153847,253,377,29.0,194,765,58.84615384615385,447,291,22.384615384615383,129,13,5,3,NO
2,bookkeeper-server/src/main/java/org/apache/bookkeeper/bookie/ExitCode.java,40,40,40.0,40,0,0.0,0,40,40.0,40,40,40.0,40,1,1,1,NO
2,bookkeeper-server/src/main/java/org/apache/bookkeeper/bookie/FileInfo.java,259,136,27.2,79,81,16.2,68,217,43.4,147,55,11.0,20,5,2,1,NO
2,bookkeeper-server/src/main/java/org/apache/bookkeeper/bookie/FileSystemUpgrade.java,379,401,100.25,228,22,5.5,17,423,105.75,245,379,94.75,211,4,1,3,NO
2,bookkeeper-server/src/main/java/org/apache/bookkeeper/bookie/GarbageCollectorThread.java,510,549,68.625,378,39,4.875,20,588,73.5,378,542,67.75,378,8,1,3,NO
2,bookkeeper-server/src/main/java/org/apache/bookkeeper/bookie/HandleFactory.java,32,32,32.0,32,0,0.0,0,32,32.0,32,32,32.0,32,1,0,1,NO
2,bookkeeper-server/src/main/java/org/apache/bookkeeper/bookie/HandleFactoryImpl.java,66,74,37.0,69,8,4.0,8,82,41.0,69,72,36.0,69,2,0,1,NO
2,bookkeeper-server/src/main/java/org/apache/bookkeeper/bookie/InterleavedLedgerStorage.java,187,213,42.6,183,26,5.2,22,239,47.8,183,191,38.2,183,5,2,2,NO
2,bookkeeper-server/src/main/java/org/apache/bookkeeper/bookie/Journal.java,576,589,196.33333333333334,550,13,4.333333333333333,11,602,200.66666666666666,550,576,192.0,550,3,0,2,NO
2,bookkeeper-server/src/main/java/org/apache/bookkeeper/bookie/JournalChannel.java,158,161,53.666666666666664,157,3,1.0,2,164,54.666666666666664,157,158,52.666666666666664,157,3,0,1,NO
2,bookkeeper-server/src/main/java/org/apache/bookkeeper/bookie/LedgerCache.java,46,128,16.0,92,633,79.125,541,761,95.125,551,579,72.375,531,8,2,2,NO
2,bookkeeper-server/src/main/java/org/apache/bookkeeper/bookie/LedgerCacheBean.java,27,80,40.0,79,53,26.5,53,133,66.5,79,131,65.5,79,2,0,1,NO
2,bookkeeper-server/src/main/java/org/apache/bookkeeper/bookie/LedgerCacheImpl.java,788,842,120.28571428571429,712,54,7.714285714285714,19,896,128.0,712,788,112.57142857142857,712,7,4,3,NO
2,bookkeeper-server/src/main/java/org/apache/bookkeeper/bookie/LedgerCacheMXBean.java,60,60,60.0,60,0,0.0,0,60,60.0,60,60,60.0,60,1,0,1,NO
2,bookkeeper-server/src/main/java/org/apache/bookkeeper/bookie/LedgerDescriptor.java,62,74,14.8,36,161,32.2,109,235,47.0,130,159,31.8,88,5,1,1,NO
2,bookkeeper-server/src/main/java/org/apache/bookkeeper/bookie/LedgerDescriptorImpl.java,88,118,59.0,113,30,15.0,30,148,74.0,113,138,69.0,113,2,0,1,NO
2,bookkeeper-server/src/main/java/org/apache/bookkeeper/bookie/LedgerDescriptorReadOnlyImpl.java,52,55,27.5,53,3,1.5,3,58,29.0,53,54,27.0,53,2,0,1,NO
2,bookkeeper-server/src/main/java/org/apache/bookkeeper/bookie/LedgerEntryPage.java,163,9,4.5,6,3,1.5,2,12,6.0,8,6,3.0,4,2,1,2,NO
2,bookkeeper-server/src/main/java/org/apache/bookkeeper/bookie/LedgerStorage.java,91,91,91.0,91,0,0.0,0,91,91.0,91,91,91.0,91,1,0,1,NO
2,bookkeeper-server/src/main/java/org/apache/bookkeeper/bookie/MarkerFileChannel.java,147,0,0.0,0,0,0.0,0,0,0.0,0,0,0.0,0,0,0,0,NO
2,bookkeeper-server/src/main/java/org/apache/bookkeeper/bookie/ReadOnlyEntryLogger.java,58,58,58.0,58,0,0.0,0,58,58.0,58,58,58.0,58,1,0,1,NO
2,bookkeeper-server/src/main/java/org/apache/bookkeeper/bookie/ReadOnlyFileInfo.java,44,44,44.0,44,0,0.0,0,44,44.0,44,44,44.0,44,1,0,1,NO
2,bookkeeper-server/src/main/java/org/apache/bookkeeper/client/AsyncCallback.java,139,12,12.0,12,10,10.0,10,22,22.0,22,2,2.0,2,1,1,1,NO
2,bookkeeper-server/src/main/java/org/apache/bookkeeper/client/BKException.java,282,11,11.0,11,0,0.0,0,11,11.0,11,11,11.0,11,1,0,1,NO
2,bookkeeper-server/src/main/java/org/apache/bookkeeper/client/BookKeeper.java,582,152,25.333333333333332,106,118,19.666666666666668,67,270,45.0,144,116,19.333333333333332,68,6,3,3,NO
2,bookkeeper-server/src/main/java/org/apache/bookkeeper/client/BookKeeperAdmin.java,800,91,22.75,73,19,4.75,11,110,27.5,84,72,18.0,62,4,1,2,NO
2,bookkeeper-server/src/main/java/org/apache/bookkeeper/client/BookieWatcher.java,216,19,6.333333333333333,9,8,2.6666666666666665,3,27,9.0,11,11,3.6666666666666665,7,3,2,1,NO
2,bookkeeper-server/src/main/java/org/apache/bookkeeper/client/CRC32DigestManager.java,55,9,9.0,9,4,4.0,4,13,13.0,13,5,5.0,5,1,0,1,NO
2,bookkeeper-server/src/main/java/org/apache/bookkeeper/client/DigestManager.java,184,8,2.6666666666666665,4,9,3.0,5,17,5.666666666666667,8,3,1.0,2,3,2,2,NO
2,bookkeeper-server/src/main/java/org/apache/bookkeeper/client/DistributionSchedule.java,65,13,13.0,13,9,9.0,9,22,22.0,22,4,4.0,4,1,1,1,NO
2,bookkeeper-server/src/main/java/org/apache/bookkeeper/client/LedgerCreateOp.java,150,26,13.0,25,33,16.5,32,59,29.5,57,7,3.5,7,2,1,1,NO
2,bookkeeper-server/src/main/java/org/apache/bookkeeper/client/LedgerDeleteOp.java,81,0,0.0,0,0,0.0,0,0,0.0,0,0,0.0,0,0,0,0,NO
2,bookkeeper-server/src/main/java/org/apache/bookkeeper/client/LedgerEntry.java,84,0,0.0,0,0,0.0,0,0,0.0,0,0,0.0,0,0,0,0,NO
2,bookkeeper-server/src/main/java/org/apache/bookkeeper/client/LedgerHandle.java,905,221,24.555555555555557,95,78,8.666666666666666,30,299,33.22222222222222,125,143,15.88888888888889,65,9,5,3,NO
2,bookkeeper-server/src/main/java/org/apache/bookkeeper/client/LedgerMetadata.java,312,70,14.0,44,6,1.2,4,76,15.2,44,64,12.8,44,5,2,3,NO
2,bookkeeper-server/src/main/java/org/apache/bookkeeper/client/LedgerOpenOp.java,171,5,5.0,5,3,3.0,3,8,8.0,8,2,2.0,2,1,0,1,NO
2,bookkeeper-server/src/main/java/org/apache/bookkeeper/client/LedgerRecoveryOp.java,153,30,5.0,19,73,12.166666666666666,65,103,17.166666666666668,84,49,8.166666666666666,46,6,3,3,NO
2,bookkeeper-server/src/main/java/org/apache/bookkeeper/client/MacDigestManager.java,84,26,26.0,26,9,9.0,9,35,35.0,35,17,17.0,17,1,0,1,NO
2,bookkeeper-server/src/main/java/org/apache/bookkeeper/client/PendingAddOp.java,169,5,2.5,4,1,0.5,1,6,3.0,4,4,2.0,4,2,1,2,NO
2,bookkeeper-server/src/main/java/org/apache/bookkeeper/client/PendingReadOp.java,189,17,5.666666666666667,15,1,0.3333333333333333,1,18,6.0,15,16,5.333333333333333,15,3,1,2,NO
2,bookkeeper-server/src/main/java/org/apache/bookkeeper/client/ReadLastConfirmedOp.java,127,59,11.8,37,35,7.0,23,94,18.8,60,24,4.8,14,5,3,2,NO
2,bookkeeper-server/src/main/java/org/apache/bookkeeper/client/ReadOnlyLedgerHandle.java,79,2,2.0,2,1,1.0,1,3,3.0,3,1,1.0,1,1,1,1,NO
2,bookkeeper-server/src/main/java/org/apache/bookkeeper/client/RoundRobinDistributionSchedule.java,90,25,25.0,25,22,22.0,22,47,47.0,47,3,3.0,3,1,1,1,NO
2,bookkeeper-server/src/main/java/org/apache/bookkeeper/client/SyncCounter.java,85,0,0.0,0,0,0.0,0,0,0.0,0,0,0.0,0,0,0,0,NO
2,bookkeeper-server/src/main/java/org/apache/bookkeeper/conf/AbstractConfiguration.java,123,20,6.666666666666667,10,2,0.6666666666666666,1,22,7.333333333333333,11,20,6.666666666666667,10,3,1,3,NO
2,bookkeeper-server/src/main/java/org/apache/bookkeeper/conf/ClientConfiguration.java,276,61,20.333333333333332,30,1,0.3333333333333333,1,62,20.666666666666668,30,60,20.0,30,3,2,2,NO
2,bookkeeper-server/src/main/java/org/apache/bookkeeper/conf/ServerConfiguration.java,549,182,30.333333333333332,110,10,1.6666666666666667,9,192,32.0,110,182,30.333333333333332,110,6,4,2,NO
2,bookkeeper-server/src/main/java/org/apache/bookkeeper/jmx/BKMBeanInfo.java,27,27,27.0,27,0,0.0,0,27,27.0,27,27,27.0,27,1,0,1,NO
2,bookkeeper-server/src/main/java/org/apache/bookkeeper/jmx/BKMBeanRegistry.java,88,89,44.5,84,1,0.5,1,90,45.0,84,88,44.0,84,2,0,1,NO
2,bookkeeper-server/src/main/java/org/apache/bookkeeper/meta/AbstractZkLedgerManager.java,283,36,9.0,23,6,1.5,4,42,10.5,23,30,7.5,23,4,3,3,NO
2,bookkeeper-server/src/main/java/org/apache/bookkeeper/meta/FlatLedgerManager.java,175,12,6.0,7,30,15.0,28,42,21.0,35,24,12.0,21,2,2,2,NO
2,bookkeeper-server/src/main/java/org/apache/bookkeeper/meta/HierarchicalLedgerManager.java,507,29,7.25,15,36,9.0,31,65,16.25,46,25,6.25,16,4,4,2,NO
2,bookkeeper-server/src/main/java/org/apache/bookkeeper/meta/LedgerLayout.java,209,5,5.0,5,0,0.0,0,5,5.0,5,5,5.0,5,1,0,1,NO
2,bookkeeper-server/src/main/java/org/apache/bookkeeper/meta/LedgerManager.java,147,5,5.0,5,2,2.0,2,7,7.0,7,3,3.0,3,1,1,1,NO
2,bookkeeper-server/src/main/java/org/apache/bookkeeper/meta/LedgerManagerFactory.java,98,1,1.0,1,1,1.0,1,2,2.0,2,0,0.0,0,1,0,1,NO
2,bookkeeper-server/src/main/java/org/apache/bookkeeper/meta/SnapshotMap.java,132,132,132.0,132,0,0.0,0,132,132.0,132,132,132.0,132,1,1,1,NO
2,bookkeeper-server/src/main/java/org/apache/bookkeeper/proto/BKStats.java,236,236,236.0,236,0,0.0,0,236,236.0,236,236,236.0,236,1,0,1,NO
2,bookkeeper-server/src/main/java/org/apache/bookkeeper/proto/BookieClient.java,227,49,16.333333333333332,26,3,1.0,2,52,17.333333333333332,26,46,15.333333333333334,26,3,2,2,NO
2,bookkeeper-server/src/main/java/org/apache/bookkeeper/proto/BookieProtocol.java,172,20,6.666666666666667,10,2,0.6666666666666666,2,22,7.333333333333333,12,18,6.0,8,3,2,2,NO
2,bookkeeper-server/src/main/java/org/apache/bookkeeper/proto/BookieServer.java,507,153,17.0,61,39,4.333333333333333,22,192,21.333333333333332,63,114,12.666666666666666,59,9,4,2,NO
2,bookkeeper-server/src/main/java/org/apache/bookkeeper/proto/BookieServerBean.java,90,90,90.0,90,0,0.0,0,90,90.0,90,90,90.0,90,1,0,1,NO
2,bookkeeper-server/src/main/java/org/apache/bookkeeper/proto/BookieServerMXBean.java,58,58,58.0,58,0,0.0,0,58,58.0,58,58,58.0,58,1,0,1,NO
2,bookkeeper-server/src/main/java/org/apache/bookkeeper/proto/BookkeeperInternalCallbacks.java,132,0,0.0,0,0,0.0,0,0,0.0,0,0,0.0,0,0,0,0,NO
2,bookkeeper-server/src/main/java/org/apache/bookkeeper/proto/NIOServerFactory.java,529,9,2.25,5,13,3.25,8,22,5.5,13,4,1.0,3,4,0,1,NO
2,bookkeeper-server/src/main/java/org/apache/bookkeeper/proto/PerChannelBookieClient.java,694,193,19.3,48,102,10.2,44,295,29.5,92,107,10.7,43,10,5,3,NO
2,bookkeeper-server/src/main/java/org/apache/bookkeeper/proto/ServerStats.java,148,0,0.0,0,0,0.0,0,0,0.0,0,0,0.0,0,0,0,0,NO
2,bookkeeper-server/src/main/java/org/apache/bookkeeper/streaming/LedgerInputStream.java,174,0,0.0,0,0,0.0,0,0,0.0,0,0,0.0,0,0,0,0,NO
2,bookkeeper-server/src/main/java/org/apache/bookkeeper/streaming/LedgerOutputStream.java,148,0,0.0,0,0,0.0,0,0,0.0,0,0,0.0,0,0,0,0,NO
2,bookkeeper-server/src/main/java/org/apache/bookkeeper/tools/BookKeeperTools.java,92,2,2.0,2,2,2.0,2,4,4.0,4,0,0.0,0,1,0,1,NO
2,bookkeeper-server/src/main/java/org/apache/bookkeeper/util/EntryFormatter.java,77,77,77.0,77,0,0.0,0,77,77.0,77,77,77.0,77,1,0,1,NO
2,bookkeeper-server/src/main/java/org/apache/bookkeeper/util/HardLink.java,664,666,333.0,665,1,0.5,1,667,333.5,665,665,332.5,665,2,0,1,NO
2,bookkeeper-server/src/main/java/org/apache/bookkeeper/util/IOUtils.java,55,55,55.0,55,0,0.0,0,55,55.0,55,55,55.0,55,1,0,1,NO
2,bookkeeper-server/src/main/java/org/apache/bookkeeper/util/LocalBookKeeper.java,256,43,14.333333333333334,33,21,7.0,14,64,21.333333333333332,47,22,7.333333333333333,19,3,1,2,NO
2,bookkeeper-server/src/main/java/org/apache/bookkeeper/util/Main.java,54,0,0.0,0,0,0.0,0,0,0.0,0,0,0.0,0,0,0,0,NO
2,bookkeeper-server/src/main/java/org/apache/bookkeeper/util/MathUtils.java,38,0,0.0,0,0,0.0,0,0,0.0,0,0,0.0,0,0,0,0,NO
2,bookkeeper-server/src/main/java/org/apache/bookkeeper/util/OrderedSafeExecutor.java,98,0,0.0,0,0,0.0,0,0,0.0,0,0,0.0,0,0,0,0,NO
2,bookkeeper-server/src/main/java/org/apache/bookkeeper/util/SafeRunnable.java,39,0,0.0,0,0,0.0,0,0,0.0,0,0,0.0,0,0,0,0,NO
2,bookkeeper-server/src/main/java/org/apache/bookkeeper/util/StringEntryFormatter.java,47,47,47.0,47,0,0.0,0,47,47.0,47,47,47.0,47,1,0,1,NO
2,bookkeeper-server/src/main/java/org/apache/bookkeeper/util/StringUtils.java,69,0,0.0,0,0,0.0,0,0,0.0,0,0,0.0,0,0,0,0,NO
2,bookkeeper-server/src/main/java/org/apache/bookkeeper/util/Tool.java,43,43,43.0,43,0,0.0,0,43,43.0,43,43,43.0,43,1,0,1,NO
2,bookkeeper-server/src/main/java/org/apache/bookkeeper/util/ZkUtils.java,94,0,0.0,0,0,0.0,0,0,0.0,0,0,0.0,0,0,0,0,NO
2,hedwig-client/src/main/java/org/apache/hedwig/client/HedwigClient.java,72,0,0.0,0,0,0.0,0,0,0.0,0,0,0.0,0,0,0,0,NO
2,hedwig-client/src/main/java/org/apache/hedwig/client/api/Client.java,42,0,0.0,0,0,0.0,0,0,0.0,0,0,0.0,0,0,0,0,NO
2,hedwig-client/src/main/java/org/apache/hedwig/client/api/MessageHandler.java,48,0,0.0,0,0,0.0,0,0,0.0,0,0,0.0,0,0,0,0,NO
2,hedwig-client/src/main/java/org/apache/hedwig/client/api/Publisher.java,63,0,0.0,0,0,0.0,0,0,0.0,0,0,0.0,0,0,0,0,NO
2,hedwig-client/src/main/java/org/apache/hedwig/client/api/Subscriber.java,318,86,28.666666666666668,47,5,1.6666666666666667,4,91,30.333333333333332,47,81,27.0,47,3,0,2,NO
2,hedwig-client/src/main/java/org/apache/hedwig/client/benchmark/BenchmarkPublisher.java,136,3,3.0,3,0,0.0,0,3,3.0,3,3,3.0,3,1,0,1,NO
2,hedwig-client/src/main/java/org/apache/hedwig/client/benchmark/BenchmarkSubscriber.java,141,4,4.0,4,0,0.0,0,4,4.0,4,4,4.0,4,1,0,1,NO
2,hedwig-client/src/main/java/org/apache/hedwig/client/benchmark/BenchmarkUtils.java,190,15,15.0,15,2,2.0,2,17,17.0,17,13,13.0,13,1,0,1,NO
2,hedwig-client/src/main/java/org/apache/hedwig/client/benchmark/BenchmarkWorker.java,46,0,0.0,0,0,0.0,0,0,0.0,0,0,0.0,0,0,0,0,NO
2,hedwig-client/src/main/java/org/apache/hedwig/client/benchmark/HedwigBenchmark.java,165,59,59.0,59,22,22.0,22,81,81.0,81,37,37.0,37,1,0,1,NO
2,hedwig-client/src/main/java/org/apache/hedwig/client/conf/ClientConfiguration.java,162,13,13.0,13,0,0.0,0,13,13.0,13,13,13.0,13,1,0,1,NO
2,hedwig-client/src/main/java/org/apache/hedwig/client/data/MessageConsumeData.java,58,0,0.0,0,0,0.0,0,0,0.0,0,0,0.0,0,0,0,0,NO
2,hedwig-client/src/main/java/org/apache/hedwig/client/data/PubSubData.java,148,9,9.0,9,10,10.0,10,19,19.0,19,1,1.0,1,1,0,1,NO
2,hedwig-client/src/main/java/org/apache/hedwig/client/data/TopicSubscriber.java,74,0,0.0,0,0,0.0,0,0,0.0,0,0,0.0,0,0,0,0,NO
2,hedwig-client/src/main/java/org/apache/hedwig/client/exceptions/AlreadyStartDeliveryException.java,36,36,36.0,36,0,0.0,0,36,36.0,36,36,36.0,36,1,0,1,NO
2,hedwig-client/src/main/java/org/apache/hedwig/client/exceptions/InvalidSubscriberIdException.java,37,0,0.0,0,0,0.0,0,0,0.0,0,0,0.0,0,0,0,0,NO
2,hedwig-client/src/main/java/org/apache/hedwig/client/exceptions/ServerRedirectLoopException.java,38,0,0.0,0,0,0.0,0,0,0.0,0,0,0.0,0,0,0,0,NO
2,hedwig-client/src/main/java/org/apache/hedwig/client/exceptions/TooManyServerRedirectsException.java,39,0,0.0,0,0,0.0,0,0,0.0,0,0,0.0,0,0,0,0,NO
2,hedwig-client/src/main/java/org/apache/hedwig/client/handlers/MessageConsumeCallback.java,96,0,0.0,0,0,0.0,0,0,0.0,0,0,0.0,0,0,0,0,NO
2,hedwig-client/src/main/java/org/apache/hedwig/client/handlers/PubSubCallback.java,88,0,0.0,0,0,0.0,0,0,0.0,0,0,0.0,0,0,0,0,NO
2,hedwig-client/src/main/java/org/apache/hedwig/client/handlers/PublishResponseHandler.java,71,0,0.0,0,0,0.0,0,0,0.0,0,0,0.0,0,0,0,0,NO
2,hedwig-client/src/main/java/org/apache/hedwig/client/handlers/SubscribeReconnectCallback.java,114,14,14.0,14,14,14.0,14,28,28.0,28,0,0.0,0,1,0,1,NO
2,hedwig-client/src/main/java/org/apache/hedwig/client/handlers/SubscribeResponseHandler.java,342,42,42.0,42,36,36.0,36,78,78.0,78,6,6.0,6,1,0,1,NO
2,hedwig-client/src/main/java/org/apache/hedwig/client/handlers/UnsubscribeResponseHandler.java,84,0,0.0,0,0,0.0,0,0,0.0,0,0,0.0,0,0,0,0,NO
2,hedwig-client/src/main/java/org/apache/hedwig/client/netty/ClientChannelPipelineFactory.java,58,0,0.0,0,0,0.0,0,0,0.0,0,0,0.0,0,0,0,0,NO
2,hedwig-client/src/main/java/org/apache/hedwig/client/netty/ConnectCallback.java,129,7,7.0,7,1,1.0,1,8,8.0,8,6,6.0,6,1,1,1,NO
2,hedwig-client/src/main/java/org/apache/hedwig/client/netty/HedwigClientImpl.java,363,5,5.0,5,11,11.0,11,16,16.0,16,6,6.0,6,1,1,1,NO
2,hedwig-client/src/main/java/org/apache/hedwig/client/netty/HedwigPublisher.java,242,12,12.0,12,1,1.0,1,13,13.0,13,11,11.0,11,1,1,1,NO
2,hedwig-client/src/main/java/org/apache/hedwig/client/netty/HedwigSubscriber.java,682,120,30.0,38,24,6.0,14,144,36.0,50,96,24.0,37,4,1,1,NO
2,hedwig-client/src/main/java/org/apache/hedwig/client/netty/ResponseHandler.java,366,1,1.0,1,1,1.0,1,2,2.0,2,0,0.0,0,1,0,1,NO
2,hedwig-client/src/main/java/org/apache/hedwig/client/netty/WriteCallback.java,103,5,5.0,5,1,1.0,1,6,6.0,6,4,4.0,4,1,1,1,NO
2,hedwig-client/src/main/java/org/apache/hedwig/client/ssl/SslClientContextFactory.java,41,0,0.0,0,0,0.0,0,0,0.0,0,0,0.0,0,0,0,0,NO
2,hedwig-client/src/main/java/org/apache/hedwig/client/ssl/SslContextFactory.java,66,0,0.0,0,0,0.0,0,0,0.0,0,0,0.0,0,0,0,0,NO
2,hedwig-client/src/main/java/org/apache/hedwig/conf/AbstractConfiguration.java,63,9,9.0,9,0,0.0,0,9,9.0,9,9,9.0,9,1,0,1,NO
2,hedwig-client/src/main/java/org/apache/hedwig/util/Callback.java,47,0,0.0,0,0,0.0,0,0,0.0,0,0,0.0,0,0,0,0,NO
2,hedwig-client/src/main/java/org/apache/hedwig/util/CallbackUtils.java,183,0,0.0,0,0,0.0,0,0,0.0,0,0,0.0,0,0,0,0,NO
2,hedwig-client/src/main/java/org/apache/hedwig/util/ConcurrencyUtils.java,49,0,0.0,0,0,0.0,0,0,0.0,0,0,0.0,0,0,0,0,NO
2,hedwig-client/src/main/java/org/apache/hedwig/util/Either.java,50,0,0.0,0,0,0.0,0,0,0.0,0,0,0.0,0,0,0,0,NO
2,hedwig-client/src/main/java/org/apache/hedwig/util/FileUtils.java,98,0,0.0,0,0,0.0,0,0,0.0,0,0,0.0,0,0,0,0,NO
2,hedwig-client/src/main/java/org/apache/hedwig/util/HedwigSocketAddress.java,143,5,5.0,5,0,0.0,0,5,5.0,5,5,5.0,5,1,0,1,NO
2,hedwig-client/src/main/java/org/apache/hedwig/util/Option.java,43,0,0.0,0,0,0.0,0,0,0.0,0,0,0.0,0,0,0,0,NO
2,hedwig-client/src/main/java/org/apache/hedwig/util/Pair.java,42,0,0.0,0,0,0.0,0,0,0.0,0,0,0.0,0,0,0,0,NO
2,hedwig-client/src/main/java/org/apache/hedwig/util/PathUtils.java,56,3,3.0,3,3,3.0,3,6,6.0,6,0,0.0,0,1,0,1,NO
2,hedwig-protocol/src/main/java/org/apache/hedwig/exceptions/PubSubException.java,162,0,0.0,0,0,0.0,0,0,0.0,0,0,0.0,0,0,0,0,NO
2,hedwig-protocol/src/main/java/org/apache/hedwig/protocol/PubSubProtocol.java,6523,6504,6504.0,6504,6348,6348.0,6348,12852,12852.0,12852,156,156.0,156,1,0,1,NO
2,hedwig-protocol/src/main/java/org/apache/hedwig/protoextensions/MessageIdUtils.java,153,0,0.0,0,0,0.0,0,0,0.0,0,0,0.0,0,0,0,0,NO
2,hedwig-protocol/src/main/java/org/apache/hedwig/protoextensions/PubSubResponseUtils.java,43,1,1.0,1,1,1.0,1,2,2.0,2,0,0.0,0,1,0,1,NO
2,hedwig-protocol/src/main/java/org/apache/hedwig/protoextensions/SubscriptionStateUtils.java,41,0,0.0,0,0,0.0,0,0,0.0,0,0,0.0,0,0,0,0,NO
2,hedwig-server/src/main/java/org/apache/hedwig/admin/HedwigAdmin.java,400,407,135.66666666666666,397,7,2.3333333333333335,4,414,138.0,397,400,133.33333333333334,397,3,0,2,NO
2,hedwig-server/src/main/java/org/apache/hedwig/admin/console/HedwigCommands.java,425,428,214.0,424,3,1.5,3,431,215.5,424,425,212.5,424,2,0,1,NO
2,hedwig-server/src/main/java/org/apache/hedwig/admin/console/HedwigConsole.java,1041,1057,528.5,1029,16,8.0,16,1073,536.5,1029,1041,520.5,1029,2,0,1,NO
2,hedwig-server/src/main/java/org/apache/hedwig/admin/console/JLineHedwigCompletor.java,92,92,92.0,92,0,0.0,0,92,92.0,92,92,92.0,92,1,0,1,NO
2,hedwig-server/src/main/java/org/apache/hedwig/admin/console/ReadTopic.java,355,357,178.5,357,2,1.0,2,359,179.5,357,359,179.5,357,2,0,1,NO
2,hedwig-server/src/main/java/org/apache/hedwig/data/MessageFormatter.java,123,123,123.0,123,0,0.0,0,123,123.0,123,123,123.0,123,1,0,1,NO
2,hedwig-server/src/main/java/org/apache/hedwig/server/benchmark/AbstractBenchmark.java,105,0,0.0,0,0,0.0,0,0,0.0,0,0,0.0,0,0,0,0,NO
2,hedwig-server/src/main/java/org/apache/hedwig/server/benchmark/BookieBenchmark.java,105,0,0.0,0,0,0.0,0,0,0.0,0,0,0.0,0,0,0,0,NO
2,hedwig-server/src/main/java/org/apache/hedwig/server/benchmark/BookkeeperBenchmark.java,92,0,0.0,0,0,0.0,0,0,0.0,0,0,0.0,0,0,0,0,NO
2,hedwig-server/src/main/java/org/apache/hedwig/server/benchmark/FakeBookie.java,101,0,0.0,0,0,0.0,0,0,0.0,0,0,0.0,0,0,0,0,NO
2,hedwig-server/src/main/java/org/apache/hedwig/server/common/ByteStringInterner.java,45,0,0.0,0,0,0.0,0,0,0.0,0,0,0.0,0,0,0,0,NO
2,hedwig-server/src/main/java/org/apache/hedwig/server/common/ServerConfiguration.java,299,12,6.0,8,2,1.0,2,14,7.0,8,10,5.0,8,2,0,1,NO
2,hedwig-server/src/main/java/org/apache/hedwig/server/common/TerminateJVMExceptionHandler.java,32,1,1.0,1,1,1.0,1,2,2.0,2,0,0.0,0,1,0,1,NO
2,hedwig-server/src/main/java/org/apache/hedwig/server/common/TopicOpQueuer.java,111,0,0.0,0,0,0.0,0,0,0.0,0,0,0.0,0,0,0,0,NO
2,hedwig-server/src/main/java/org/apache/hedwig/server/common/UnexpectedError.java,35,0,0.0,0,0,0.0,0,0,0.0,0,0,0.0,0,0,0,0,NO
2,hedwig-server/src/main/java/org/apache/hedwig/server/delivery/ChannelEndPoint.java,85,4,4.0,4,0,0.0,0,4,4.0,4,4,4.0,4,1,0,1,NO
2,hedwig-server/src/main/java/org/apache/hedwig/server/delivery/DeliveryCallback.java,27,0,0.0,0,0,0.0,0,0,0.0,0,0,0.0,0,0,0,0,NO
2,hedwig-server/src/main/java/org/apache/hedwig/server/delivery/DeliveryEndPoint.java,28,0,0.0,0,0,0.0,0,0,0.0,0,0,0.0,0,0,0,0,NO
2,hedwig-server/src/main/java/org/apache/hedwig/server/delivery/DeliveryManager.java,36,7,3.5,5,0,0.0,0,7,3.5,5,7,3.5,5,2,0,1,NO
2,hedwig-server/src/main/java/org/apache/hedwig/server/delivery/FIFODeliveryManager.java,574,11,5.5,8,3,1.5,3,14,7.0,11,8,4.0,5,2,0,1,NO
2,hedwig-server/src/main/java/org/apache/hedwig/server/handlers/BaseHandler.java,67,3,3.0,3,0,0.0,0,3,3.0,3,3,3.0,3,1,0,1,NO
2,hedwig-server/src/main/java/org/apache/hedwig/server/handlers/ChannelDisconnectListener.java,29,0,0.0,0,0,0.0,0,0,0.0,0,0,0.0,0,0,0,0,NO
2,hedwig-server/src/main/java/org/apache/hedwig/server/handlers/ConsumeHandler.java,72,8,8.0,8,0,0.0,0,8,8.0,8,8,8.0,8,1,0,1,NO
2,hedwig-server/src/main/java/org/apache/hedwig/server/handlers/Handler.java,37,0,0.0,0,0,0.0,0,0,0.0,0,0,0.0,0,0,0,0,NO
2,hedwig-server/src/main/java/org/apache/hedwig/server/handlers/NettyHandlerBean.java,51,52,26.0,51,1,0.5,1,53,26.5,51,51,25.5,51,2,0,1,NO
2,hedwig-server/src/main/java/org/apache/hedwig/server/handlers/NettyHandlerMXBean.java,31,31,31.0,31,0,0.0,0,31,31.0,31,31,31.0,31,1,0,1,NO
2,hedwig-server/src/main/java/org/apache/hedwig/server/handlers/PublishHandler.java,77,9,9.0,9,0,0.0,0,9,9.0,9,9,9.0,9,1,0,1,NO
2,hedwig-server/src/main/java/org/apache/hedwig/server/handlers/SubscribeHandler.java,168,14,14.0,14,0,0.0,0,14,14.0,14,14,14.0,14,1,0,1,NO
2,hedwig-server/src/main/java/org/apache/hedwig/server/handlers/UnsubscribeHandler.java,81,10,10.0,10,1,1.0,1,11,11.0,11,9,9.0,9,1,0,1,NO
2,hedwig-server/src/main/java/org/apache/hedwig/server/jmx/HedwigJMXService.java,37,37,37.0,37,0,0.0,0,37,37.0,37,37,37.0,37,1,0,1,NO
2,hedwig-server/src/main/java/org/apache/hedwig/server/jmx/HedwigMBeanInfo.java,27,27,27.0,27,0,0.0,0,27,27.0,27,27,27.0,27,1,0,1,NO
2,hedwig-server/src/main/java/org/apache/hedwig/server/jmx/HedwigMBeanRegistry.java,48,48,48.0,48,0,0.0,0,48,48.0,48,48,48.0,48,1,0,1,NO
2,hedwig-server/src/main/java/org/apache/hedwig/server/netty/PubSubServer.java,436,79,26.333333333333332,53,28,9.333333333333334,24,107,35.666666666666664,53,67,22.333333333333332,53,3,0,1,NO
2,hedwig-server/src/main/java/org/apache/hedwig/server/netty/PubSubServerBean.java,77,77,77.0,77,0,0.0,0,77,77.0,77,77,77.0,77,1,0,1,NO
2,hedwig-server/src/main/java/org/apache/hedwig/server/netty/PubSubServerMXBean.java,63,63,63.0,63,0,0.0,0,63,63.0,63,63,63.0,63,1,0,1,NO
2,hedwig-server/src/main/java/org/apache/hedwig/server/netty/PubSubServerPipelineFactory.java,76,0,0.0,0,0,0.0,0,0,0.0,0,0,0.0,0,0,0,0,NO
2,hedwig-server/src/main/java/org/apache/hedwig/server/netty/ServerStats.java,191,193,96.5,190,2,1.0,2,195,97.5,190,191,95.5,190,2,0,1,NO
2,hedwig-server/src/main/java/org/apache/hedwig/server/netty/UmbrellaHandler.java,160,1,1.0,1,0,0.0,0,1,1.0,1,1,1.0,1,1,0,1,NO
2,hedwig-server/src/main/java/org/apache/hedwig/server/persistence/BookkeeperPersistenceManager.java,906,207,69.0,165,38,12.666666666666666,34,245,81.66666666666667,199,169,56.333333333333336,131,3,0,1,NO
2,hedwig-server/src/main/java/org/apache/hedwig/server/persistence/CacheKey.java,74,0,0.0,0,0,0.0,0,0,0.0,0,0,0.0,0,0,0,0,NO
2,hedwig-server/src/main/java/org/apache/hedwig/server/persistence/CacheValue.java,94,0,0.0,0,0,0.0,0,0,0.0,0,0,0.0,0,0,0,0,NO
2,hedwig-server/src/main/java/org/apache/hedwig/server/persistence/Factory.java,22,0,0.0,0,0,0.0,0,0,0.0,0,0,0.0,0,0,0,0,NO
2,hedwig-server/src/main/java/org/apache/hedwig/server/persistence/LocalDBPersistenceManager.java,481,62,31.0,50,8,4.0,8,70,35.0,58,54,27.0,42,2,0,1,NO
2,hedwig-server/src/main/java/org/apache/hedwig/server/persistence/MapMethods.java,62,0,0.0,0,0,0.0,0,0,0.0,0,0,0.0,0,0,0,0,NO
2,hedwig-server/src/main/java/org/apache/hedwig/server/persistence/PersistRequest.java,58,0,0.0,0,0,0.0,0,0,0.0,0,0,0.0,0,0,0,0,NO
2,hedwig-server/src/main/java/org/apache/hedwig/server/persistence/PersistenceManager.java,94,3,3.0,3,0,0.0,0,3,3.0,3,3,3.0,3,1,0,1,NO
2,hedwig-server/src/main/java/org/apache/hedwig/server/persistence/PersistenceManagerWithRangeScan.java,27,0,0.0,0,0,0.0,0,0,0.0,0,0,0.0,0,0,0,0,NO
2,hedwig-server/src/main/java/org/apache/hedwig/server/persistence/RangeScanRequest.java,77,0,0.0,0,0,0.0,0,0,0.0,0,0,0.0,0,0,0,0,NO
2,hedwig-server/src/main/java/org/apache/hedwig/server/persistence/ReadAheadCache.java,744,43,14.333333333333334,29,3,1.0,2,46,15.333333333333334,30,40,13.333333333333334,28,3,0,1,NO
2,hedwig-server/src/main/java/org/apache/hedwig/server/persistence/ReadAheadCacheBean.java,64,64,64.0,64,0,0.0,0,64,64.0,64,64,64.0,64,1,0,1,NO
2,hedwig-server/src/main/java/org/apache/hedwig/server/persistence/ReadAheadCacheMXBean.java,45,45,45.0,45,0,0.0,0,45,45.0,45,45,45.0,45,1,0,1,NO
2,hedwig-server/src/main/java/org/apache/hedwig/server/persistence/ScanCallback.java,63,0,0.0,0,0,0.0,0,0,0.0,0,0,0.0,0,0,0,0,NO
2,hedwig-server/src/main/java/org/apache/hedwig/server/persistence/ScanCallbackWithContext.java,37,0,0.0,0,0,0.0,0,0,0.0,0,0,0.0,0,0,0,0,NO
2,hedwig-server/src/main/java/org/apache/hedwig/server/persistence/ScanRequest.java,64,0,0.0,0,0,0.0,0,0,0.0,0,0,0.0,0,0,0,0,NO
2,hedwig-server/src/main/java/org/apache/hedwig/server/proxy/ChannelTracker.java,124,0,0.0,0,0,0.0,0,0,0.0,0,0,0.0,0,0,0,0,NO
2,hedwig-server/src/main/java/org/apache/hedwig/server/proxy/HedwigProxy.java,172,21,10.5,11,9,4.5,8,30,15.0,18,12,6.0,10,2,0,1,NO
2,hedwig-server/src/main/java/org/apache/hedwig/server/proxy/ProxyConfiguration.java,36,2,2.0,2,2,2.0,2,4,4.0,4,0,0.0,0,1,0,1,NO
2,hedwig-server/src/main/java/org/apache/hedwig/server/proxy/ProxyConsumeHandler.java,58,0,0.0,0,0,0.0,0,0,0.0,0,0,0.0,0,0,0,0,NO
2,hedwig-server/src/main/java/org/apache/hedwig/server/proxy/ProxyPublishHander.java,62,0,0.0,0,0,0.0,0,0,0.0,0,0,0.0,0,0,0,0,NO
2,hedwig-server/src/main/java/org/apache/hedwig/server/proxy/ProxyStartDeliveryHandler.java,132,4,4.0,4,2,2.0,2,6,6.0,6,2,2.0,2,1,0,1,NO
2,hedwig-server/src/main/java/org/apache/hedwig/server/proxy/ProxyStopDeliveryHandler.java,74,1,1.0,1,1,1.0,1,2,2.0,2,0,0.0,0,1,0,1,NO
2,hedwig-server/src/main/java/org/apache/hedwig/server/proxy/ProxySubscribeHandler.java,83,0,0.0,0,0,0.0,0,0,0.0,0,0,0.0,0,0,0,0,NO
2,hedwig-server/src/main/java/org/apache/hedwig/server/proxy/ProxyUnsubscribeHandler.java,74,0,0.0,0,0,0.0,0,0,0.0,0,0,0.0,0,0,0,0,NO
2,hedwig-server/src/main/java/org/apache/hedwig/server/regions/HedwigHubClient.java,48,0,0.0,0,0,0.0,0,0,0.0,0,0,0.0,0,0,0,0,NO
2,hedwig-server/src/main/java/org/apache/hedwig/server/regions/HedwigHubClientFactory.java,60,0,0.0,0,0,0.0,0,0,0.0,0,0,0.0,0,0,0,0,NO
2,hedwig-server/src/main/java/org/apache/hedwig/server/regions/HedwigHubSubscriber.java,86,18,18.0,18,2,2.0,2,20,20.0,20,16,16.0,16,1,0,1,NO
2,hedwig-server/src/main/java/org/apache/hedwig/server/regions/RegionManager.java,355,253,84.33333333333333,241,81,27.0,67,334,111.33333333333333,308,186,62.0,174,3,0,1,NO
2,hedwig-server/src/main/java/org/apache/hedwig/server/ssl/SslServerContextFactory.java,53,0,0.0,0,0,0.0,0,0,0.0,0,0,0.0,0,0,0,0,NO
2,hedwig-server/src/main/java/org/apache/hedwig/server/subscriptions/AbstractSubscriptionManager.java,612,185,46.25,98,25,6.25,7,210,52.5,104,160,40.0,92,4,0,1,NO
2,hedwig-server/src/main/java/org/apache/hedwig/server/subscriptions/AllToAllTopologyFilter.java,39,0,0.0,0,0,0.0,0,0,0.0,0,0,0.0,0,0,0,0,NO
2,hedwig-server/src/main/java/org/apache/hedwig/server/subscriptions/InMemorySubscriptionManager.java,78,0,0.0,0,0,0.0,0,0,0.0,0,0,0.0,0,0,0,0,NO
2,hedwig-server/src/main/java/org/apache/hedwig/server/subscriptions/InMemorySubscriptionState.java,85,24,24.0,24,3,3.0,3,27,27.0,27,21,21.0,21,1,0,1,NO
2,hedwig-server/src/main/java/org/apache/hedwig/server/subscriptions/MessageFilter.java,31,0,0.0,0,0,0.0,0,0,0.0,0,0,0.0,0,0,0,0,NO
2,hedwig-server/src/main/java/org/apache/hedwig/server/subscriptions/SubscriptionEventListener.java,57,0,0.0,0,0,0.0,0,0,0.0,0,0,0.0,0,0,0,0,NO
2,hedwig-server/src/main/java/org/apache/hedwig/server/subscriptions/SubscriptionManager.java,108,4,4.0,4,0,0.0,0,4,4.0,4,4,4.0,4,1,0,1,NO
2,hedwig-server/src/main/java/org/apache/hedwig/server/subscriptions/TrueFilter.java,32,1,1.0,1,1,1.0,1,2,2.0,2,0,0.0,0,1,0,1,NO
2,hedwig-server/src/main/java/org/apache/hedwig/server/subscriptions/ZkSubscriptionManager.java,227,0,0.0,0,0,0.0,0,0,0.0,0,0,0.0,0,0,0,0,NO
2,hedwig-server/src/main/java/org/apache/hedwig/server/topics/AbstractTopicManager.java,201,4,4.0,4,0,0.0,0,4,4.0,4,4,4.0,4,1,0,1,NO
2,hedwig-server/src/main/java/org/apache/hedwig/server/topics/TopicManager.java,80,5,5.0,5,0,0.0,0,5,5.0,5,5,5.0,5,1,0,1,NO
2,hedwig-server/src/main/java/org/apache/hedwig/server/topics/TopicOwnershipChangeListener.java,28,0,0.0,0,0,0.0,0,0,0.0,0,0,0.0,0,0,0,0,NO
2,hedwig-server/src/main/java/org/apache/hedwig/server/topics/TrivialOwnAllTopicManager.java,57,5,5.0,5,0,0.0,0,5,5.0,5,5,5.0,5,1,0,1,NO
2,hedwig-server/src/main/java/org/apache/hedwig/server/topics/ZkTopicManager.java,446,18,9.0,17,1,0.5,1,19,9.5,17,17,8.5,17,2,0,1,NO
2,hedwig-server/src/main/java/org/apache/hedwig/zookeeper/SafeAsynBKCallback.java,103,0,0.0,0,0,0.0,0,0,0.0,0,0,0.0,0,0,0,0,NO
2,hedwig-server/src/main/java/org/apache/hedwig/zookeeper/SafeAsyncCallback.java,35,1,1.0,1,1,1.0,1,2,2.0,2,0,0.0,0,1,0,1,NO
2,hedwig-server/src/main/java/org/apache/hedwig/zookeeper/SafeAsyncZKCallback.java,98,0,0.0,0,0,0.0,0,0,0.0,0,0,0.0,0,0,0,0,NO
2,hedwig-server/src/main/java/org/apache/hedwig/zookeeper/ZkUtils.java,79,0,0.0,0,0,0.0,0,0,0.0,0,0,0.0,0,0,0,0,NO
